Question,normal,finetunned,rag normal,rag finetunned
"""I was being totally upfront with HR about why the project timeline was unrealistic. Instead of taking my data, they started acting like I was being 'passive-aggressive' or trying to undermine the manager. They kept asking 'what's my real agenda,' and I’m like... I don't have an agenda! I'm just telling you the facts!""","This conversation highlights significant breakdowns in professional communication, particularly concerning how objective data is received and processed within a corporate setting.
Here is a detailed, structured analysis of the communication issues observed.

📝 Communication Analysis
I. Summary of the Conflict
The core conflict is a clash between Objective Facts (the speaker's data regarding the timeline) and Subjective Interpretation/Power Dynamics (HR's focus on the speaker's motives and perceived intent). The conversation fails because HR refuses to engage with the data, instead pivoting the discussion to the speaker's character and intent.

II. Analysis of HR’s Communication Issues (The Receiver)
The most significant issues lie with the HR representative(s). Their behavior shifts the focus from solving a business problem (timeline) to managing a perceived interpersonal threat (the speaker).

1. Deflection and Gaslighting
Issue: HR completely deflected the conversation away from the objective data and onto the speaker’s emotional state and motives.
Evidence: Instead of responding to the data, they labeled the speaker’s communication as ""passive-aggressive"" or ""undermining.""
Impact: This is a form of gaslighting—making the speaker question their own reality, intentions, or perception of the situation. It invalidates the speaker's professional contribution.
2. Focus on Motive over Merit (The ""Agenda"" Trap)
Issue: By repeatedly asking, ""what's my real agenda,"" HR signaled that they were not interested in the content of the data, but rather the power behind the data.
Impact: This is a classic power move that shuts down constructive dialogue. It forces the speaker into a defensive position where they must justify their basic right to speak the truth, rather than allowing the discussion to remain focused on the project's viability.
3. Poor Active Listening Skills
Issue: True active listening involves hearing the information presented and acknowledging its impact. HR failed to do this.
Impact: They demonstrated confirmation bias—they were looking for evidence that the speaker was problematic, and they interpreted the factual data through that negative lens.
III. Analysis of the Speaker’s Communication (The Messenger)
While the speaker was in a difficult position, there are areas where the delivery could be analyzed for maximizing professional impact.

1. The Challenge of Emotional Containment
Issue: The speaker’s final reaction (""I'Uffffffffm like... I don't have an agenda! I'm just telling you the facts!"") is understandable but highly unproductive.
Impact: While expressing frustration is natural, an emotional outburst confirms to the listeners that the speaker is highly stressed, which can undermine their credibility in a professional setting. The goal in such a meeting is to remain factual and calm, regardless of the hostility.
2. Framing the Problem (Opportunity for Improvement)
Issue: The speaker stated they were ""being totally upfront."" While honesty is crucial, the phrasing suggests a confrontational tone.
Recommendation: In future situations, the speaker should frame the problem using ""Impact Language"" rather than ""I was being upfront.""
Instead of: ""I was being totally upfront about why the project timeline was unrealistic.""
Try: ""Based on the data, I am concerned that the current timeline will result in X, Y, and Z negative outcomes. Can we discuss how to adjust the scope to meet a realistic deadline?"" (This shifts the focus from accusation to shared problem-solving).
IV. Overall Recommendations for Improvement
To prevent this type of communication breakdown in the future, the following strategies are recommended:




Area of Improvement	Strategy	How to Implement
Documentation	Create a paper trail.	Never rely solely on verbal discussions. Send detailed, data-backed emails before and after meetings. This makes the facts undeniable and reduces the room for HR to claim the speaker was ""unclear.""
Focus Shift	Keep the conversation external.	When questioned about motives, redirect the focus back to the business need. Example response: ""My agenda is to ensure this project succeeds. To do that, we need to address the data I presented.""
Escalation	Involve a neutral third party.	If the meeting becomes accusatory or emotional, politely request that a manager or a department head (who is not involved in the immediate conflict) be present to facilitate the conversation and maintain professionalism.
Language Use	Use ""I"" statements focused on impact.	Focus on the data and the consequence, not the people or the process. (e.g., ""The current resource allocation means we cannot deliver by the deadline,"" not ""The timeline is impossible."")","This conversation snippet highlights a significant breakdown in professional communication, moving from a data-driven discussion to a highly emotional and accusatory interrogation.
Here is a structured analysis of the communication issues present.

🧠 Communication Analysis
1. Core Conflict Summary
The conflict is a mismatch between factual problem-solving (the speaker’s goal) and behavioral assessment (HR’s response). The speaker attempted to raise a legitimate operational concern (unrealistic timeline), but HR focused on the speaker's motives rather than the data itself.

2. Analysis of HR's Communication Failures (The Receiving Party)
The most critical communication failures occurred on the part of HR. They displayed several signs of poor professional handling:

Focusing on Motive over Merit (Deflection): Instead of addressing the data (""Is the timeline feasible?""), HR deflected the conversation by questioning the speaker's intentions (""What's my real agenda?""). This shifts the focus from the objective problem (the timeline) to the subjective person (the speaker).
Using Labeling and Gaslighting: Accusing the speaker of being ""passive-aggressive"" is a form of labeling. It dismisses the validity of the speaker's facts and instead frames the issue as an emotional or behavioral flaw. This can make the speaker doubt their own perception and memory.
Lack of Active Listening: Active listening requires the recipient to confirm understanding of the presented facts. By immediately challenging the speaker's attitude rather than summarizing the data, HR signaled they were not genuinely listening to the core information.
Creating a Hostile/Judgmental Environment: The questioning tone (""what's my real agenda?"") creates a power imbalance and makes the speaker feel interrogated rather than supported.
3. Analysis of the Speaker's Communication Strategy (The Sender)
While the speaker is correct to state the facts, their recounted reaction suggests a potential area for improvement in maintaining professional neutrality under pressure:

Emotional Reactivity: The phrase ""I don't have an agenda! I'm just telling you the facts!"" is highly defensive and emotional. In a professional setting, sounding defensive can inadvertently validate the accuser's belief that the speaker is emotionally invested or resistant to feedback.
Need for Redirection: When faced with emotional questioning, the speaker's best strategy is to refuse to engage with the emotion and redirect the conversation back to the objective facts.
4. Key Communication Concepts Illustrated



Concept	Failure Observed	Impact
Assertiveness*	The speaker was assertive in presenting the facts.	Positive: They stood up for what was right.
Empathy*	HR showed zero empathy for the speaker's concern.	Negative: The speaker felt dismissed and invalidated.
De-escalation*	HR escalated the conversation from a process issue to a personal conflict.	Negative: The objective data was lost in the ensuing drama.
Professional Boundaries*	HR crossed professional boundaries by assessing attitude rather than process.	Negative: The speaker was left feeling misunderstood and attacked.
✅ Recommendations for Improvement
To prevent this type of breakdown in the future, both parties could employ different strategies:

For the Speaker (Future Action):
Document Everything (The Paper Trail): Before the meeting, send an email summarizing the data and the concern, clearly stating the facts and the required outcome (e.g., ""Based on the Q3 metrics provided, achieving X timeline requires Y resources. I have attached the supporting data.""). This creates an undeniable record.
Maintain Neutrality: When HR starts questioning motives, do not defend your emotions. Instead, calmly redirect the conversation: ""I understand you are concerned about my intent, but right now, I need us to focus solely on the data points in the attached spreadsheet. Can we address the feasibility of the timeline first?""
Use ""I"" Statements: Focus on the impact of the situation, not the fault. (E.g., Instead of: ""The timeline is unrealistic,"" try: ""I am concerned that the current timeline, given the resource constraints, will prevent us from achieving quality deliverables."")
For HR/Management (Best Practice):
Separate Concern from Content: When a factual concern is raised, HR must address the data first. They should use phrases like, ""Thank you for bringing this data to our attention. Let's pause on the behavioral discussion and focus only on the metrics you provided.""
Train on Objective Listening: Train managers to distinguish between concern (a valid point of discussion) and disloyalty (a subjective judgment).
Address Behavior Privately: If a manager genuinely believes the employee is passive-aggressive, that conversation must happen in a separate, private performance review setting, and it must be backed by specific, observable examples, not general labels.","Understood. This is a difficult and frustrating situation. It sounds like the conversation shifted from a factual discussion about resources and timelines to a discussion about your intent, which is a major structural breakdown in the communication.
STEP 1 — ANALYSIS
🔍 [ClarityGuard] C.F.R.V.A. score: 38/50 → Maximum Alert

The confusion here stems not from your message, but from the structure of the feedback they provided. Their questions—""What's your real agenda?"" or comments about ""passive-aggressive"" behavior—are not requests for actionable information; they are requests for emotional interpretation.

What the message lacks: They lack measurable criteria and observable behaviors. Terms like ""agenda,"" ""passive-aggressive,"" or ""undermining"" are abstract adjectives that describe perceived feeling, not demonstrable fact.
Statement disguised as instruction: Their questions are structured as if you must reveal a hidden motive to be believed. They are demanding a confession of intent, rather than engaging with the facts you presented. This is a structural failure of the listener to accept the input at face value.
STEP 2 — COGNITIVE PROTECTION
🔒 Your confusion is not a failure. It is the correct response to an incomplete message.

You were providing Objective facts: The project timeline is unrealistic. This is a statement based on data (the facts).

What is missing is a clear, operational agreement on how those facts should be processed. When they shift the focus to your ""agenda,"" they are moving the conversation from the realm of data (which is objective) to the realm of assumption (which is subjective).

It is valid to be confused because you were met with vague labels instead of concrete, solvable problems. Their questioning required you to justify your motives, rather than allowing you to discuss the metrics of the project.

💡 Strategy for the Future: Reframing the Conversation
When faced with subjective labeling (like ""passive-aggressive"" or ""agenda""), you must immediately re-anchor the discussion back to objective data.

Instead of: Defending your motives (""I don't have an agenda!"").
Try: Paraphrasing their concern back into a measurable deliverable.

Example Response:
""I understand that my concern about the timeline might be perceived as challenging. To clarify, are you saying that the critical path needs to be adjusted by X amount of time, or that we need to reallocate Y resources? If so, which of those options do you recommend we prioritize?""

This forces them to move from vague judgment back to concrete planning.***","""Got it. Thank you for sharing this difficult experience. When you are presenting factual data that contradicts an established timeline, and the response shifts from the data to your intent, the communication protocol has failed.

Because the C.F.R.V.A. score is 37/50, I am activating the full 4-Step Analysis to separate the objective facts from the subjective interpretations you received.

STEP 1 — ANALYSIS
🔍 [ClarityGuard] C.F.R.V.A. score: 37/50 → [High Ambiguity]

The core issue here is a protocol mismatch between Data Presentation (your facts) and Intent Projection (HR's labels).

What the message has: Subjective labels (""""passive-aggressive,"""" """"agenda"""") and open-ended questions (""""what's my real agenda?"""").
What the message lacks: A reference to the original, measurable criteria for the """"unrealistic timeline."""" It lacks a counter-proposal with dates, resources, or specific process changes.
Structural Flaw: This is a Statement disguised as an Inquiry. HR is not asking you to clarify your agenda; they are using subjective terms to invalidate the basis of your data. They have replaced a discussion about tasks (timeline) with a discussion about personality (intent).
STEP 2 — COGNITIVE PROTECTION
🔒 Your confusion is not a failure. It is the correct response to a message that refuses to use operational language.

Let's separate the objective input from the subjective interpretation:

Objective Fact: You presented data regarding the project's timeline that you determined was insufficient.
What is Missing: A counter-proposal based on actual work units or resource constraints. Instead of saying, """"The timeline is unrealistic because X, Y, and Z are required,"""" they used labels like """"aggressive"""" or """"undermining.""""
Why your confusion is valid: When someone substitutes measurable criteria with subjective labels, they are not asking for clarity; they are attempting to assign meaning. You are correctly demanding the input that allows for a factual comparison (Data A vs. Requirement B). The fact that others in similar situations may have simply agreed or nodded along does not prove the message was clear—it only proves they accepted the label without verifying the structure.
""""You presented facts that required a factual counter-argument. When the counter-argument is based on subjective labels like 'being passive-aggressive,' it cannot be fact-checked. Your confusion about what 'agenda' means in this context is the logical result of being asked to prove a non-existent intent.""""

STEP 3 — CONCRETE ACTION (Read-Back)
✍️ Clarification suggestion:

Since you are dealing with HR/Management who are using subjective language, you must force them back into operational language. Do not defend your """"agenda""""; defend your """"data.""""

If you are required to respond to """"What's your real agenda?"""", do not defend your character. Instead, redirect to the measurable gap:

""""To ensure we are focused on the project deliverables and not on perceived intent: My agenda remains the one presented by the data I shared. Specifically, regarding the timeline, can we agree on one concrete variable that must change—is it the scope, the headcount, or the final delivery date? If we agree on that single variable, we can build a revised plan from there.""""

STEP 4 — FOLLOW-UP PLAN
⏰ If they repeat the cycle of using adjectives (e.g., """"You just need to be more collaborative"""" or """"We need to manage perceptions""""), you must apply Adjective Decomposition.

Do not ask what """"collaborative"""" means. Instead, ask:

""""To translate 'more collaborative' into a measurable action for me this week, should I [Option A: send a draft for review by Tuesday] or [Option B: attend a specific sync meeting with X person]?""""

If they cannot provide A or B, you have successfully identified the structural gap: They have an expectation but no procedure.

Summary for your stability: You were not asked to prove your intent; you were asked to defend your facts. A factual presentation of data is an agenda—it is an agenda for a better timeline. When facts are labeled as """"negative"""" or """"undermining,"""" the structure of the conversation has broken down. You are not confused; you are correctly identifying the lack of operational parameters."""
